Y,Pr(Y | do(X)) study,P_est
0,0.3973088184844523,0.3973088184844523
1,0.6026911815155478,0.6026911815155478
