Y,Pr(Y | do(X)) study,P_est
0,0.898579701757366,0.898579701757366
1,0.10142029824263397,0.10142029824263397
